[{"claim_id":0,"patient_id":187158,"disease_name":"Galactosemia","SUB_ID":"SUBID10000","Claim_Or_Rejected":"N","claim_type":"claims of value","claim_amount":79874,"claim_date":"1949-03-14"},{"claim_id":1,"patient_id":112766,"disease_name":"Bladder cancer","SUB_ID":"SUBID10001","Claim_Or_Rejected":"N","claim_type":"claims of policy","claim_amount":151142,"claim_date":"1970-03-16"},{"claim_id":2,"patient_id":199252,"disease_name":"Kidney cancer","SUB_ID":"SUBID10002","Claim_Or_Rejected":"N","claim_type":"claims of value","claim_amount":59924,"claim_date":"2008-02-03"},{"claim_id":3,"patient_id":133424,"disease_name":"Suicide","SUB_ID":"SUBID10003","Claim_Or_Rejected":"N","claim_type":"claims of fact","claim_amount":143120,"claim_date":"1995-02-08"},{"claim_id":4,"patient_id":172579,"disease_name":"Food allergy","SUB_ID":"SUBID10004","Claim_Or_Rejected":"Y","claim_type":"claims of value","claim_amount":168634,"claim_date":"1967-05-23"},{"claim_id":5,"patient_id":171320,"disease_name":"Whiplash","SUB_ID":"SUBID10005","Claim_Or_Rejected":"N","claim_type":"claims of policy","claim_amount":64840,"claim_date":"1991-10-04"},{"claim_id":6,"patient_id":107794,"disease_name":"Sunbathing","SUB_ID":"SUBID1006","Claim_Or_Rejected":"N","claim_type":"claims of fact","claim_amount":26800,"claim_date":"1991-03-26"},{"claim_id":7,"patient_id":130339,"disease_name":"Drug consumption","SUB_ID":"SUBID10007","Claim_Or_Rejected":"N","claim_type":"claims of value","claim_amount":177186,"claim_date":"1946-09-05"},{"claim_id":8,"patient_id":110377,"disease_name":"Dengue","SUB_ID":"SUBID10008","Claim_Or_Rejected":"N","claim_type":"claims of fact","claim_amount":141123,"claim_date":"1966-06-20"},{"claim_id":9,"patient_id":149367,"disease_name":"Head banging","SUB_ID":"SUBID10009","Claim_Or_Rejected":"N","claim_type":"claims of value","claim_amount":88540,"claim_date":"1945-12-29"},{"claim_id":10,"patient_id":156168,"disease_name":"Fanconi anaemia","SUB_ID":"SUBID1010","Claim_Or_Rejected":"N","claim_type":"claims of value","claim_amount":29150,"claim_date":"1999-01-25"},{"claim_id":11,"patient_id":114241,"disease_name":"Breast cancer","SUB_ID":"SUBID10011","Claim_Or_Rejected":"Y","claim_type":"claims of value","claim_amount":40897,"claim_date":"1975-02-08"},{"claim_id":12,"patient_id":146382,"disease_name":"Anthrax","SUB_ID":"SUBID10012","Claim_Or_Rejected":"N","claim_type":"claims of value","claim_amount":75983,"claim_date":"1985-02-12"},{"claim_id":13,"patient_id":132748,"disease_name":"Cystic fibrosis","SUB_ID":"SUBID10013","Claim_Or_Rejected":"N","claim_type":"claims of fact","claim_amount":192340,"claim_date":"2014-07-30"},{"claim_id":14,"patient_id":167340,"disease_name":"Galactosemia","SUB_ID":"SUBID10014","Claim_Or_Rejected":"N","claim_type":"claims of value","claim_amount":118628,"claim_date":"2003-12-18"},{"claim_id":15,"patient_id":135184,"disease_name":"Dengue","SUB_ID":"SUBID10015","Claim_Or_Rejected":"Y","claim_type":"claims of value","claim_amount":100224,"claim_date":"1986-08-02"},{"claim_id":16,"patient_id":179662,"disease_name":"Smallpox","SUB_ID":"SUBID10016","Claim_Or_Rejected":"N","claim_type":"claims of value","claim_amount":42860,"claim_date":"1955-01-20"},{"claim_id":17,"patient_id":184479,"disease_name":"Pollen allergy","SUB_ID":"SUBID10017","Claim_Or_Rejected":"N","claim_type":"claims of policy","claim_amount":161786,"claim_date":"2017-06-01"},{"claim_id":18,"patient_id":156988,"disease_name":"Breast cancer","SUB_ID":"SUBID10018","Claim_Or_Rejected":"N","claim_type":"claims of fact","claim_amount":66129,"claim_date":"1956-01-04"},{"claim_id":19,"patient_id":132870,"disease_name":"Glaucoma","SUB_ID":"SUBID10019","Claim_Or_Rejected":"N","claim_type":"claims of value","claim_amount":182552,"claim_date":"1948-07-26"},{"claim_id":20,"patient_id":148137,"disease_name":"Pet allergy","SUB_ID":"SUBID1020","Claim_Or_Rejected":"Y","claim_type":"claims of value","claim_amount":105982,"claim_date":"1984-04-10"},{"claim_id":21,"patient_id":113280,"disease_name":"Rett Syndrome","SUB_ID":"SUBID1021","Claim_Or_Rejected":"N","claim_type":"claims of fact","claim_amount":55761,"claim_date":"1953-06-24"},{"claim_id":22,"patient_id":134184,"disease_name":"Flu","SUB_ID":"SUBID10022","Claim_Or_Rejected":"Y","claim_type":"claims of value","claim_amount":34771,"claim_date":"1948-05-23"},{"claim_id":23,"patient_id":122592,"disease_name":"Cholera","SUB_ID":"SUBID10023","Claim_Or_Rejected":"N","claim_type":"claims of value","claim_amount":83642,"claim_date":"1945-03-15"},{"claim_id":24,"patient_id":154439,"disease_name":"Scurvy","SUB_ID":"SUBID10024","Claim_Or_Rejected":"N","claim_type":"claims of policy","claim_amount":49129,"claim_date":"2013-08-04"},{"claim_id":25,"patient_id":117945,"disease_name":"Glaucoma","SUB_ID":"SUBID10025","Claim_Or_Rejected":"N","claim_type":"claims of fact","claim_amount":36524,"claim_date":"1976-08-24"},{"claim_id":26,"patient_id":189996,"disease_name":"Measles","SUB_ID":"SUBID10026","Claim_Or_Rejected":"N","claim_type":"claims of value","claim_amount":192381,"claim_date":"1966-08-30"},{"claim_id":27,"patient_id":146540,"disease_name":"Scurvy","SUB_ID":"SUBID10027","Claim_Or_Rejected":"N","claim_type":"claims of fact","claim_amount":188520,"claim_date":"2008-08-26"},{"claim_id":28,"patient_id":156434,"disease_name":"Flu","SUB_ID":"SUBID10028","Claim_Or_Rejected":"N","claim_type":"claims of policy","claim_amount":122806,"claim_date":"1958-08-05"},{"claim_id":29,"patient_id":197352,"disease_name":"Pet allergy","SUB_ID":"SUBID10029","Claim_Or_Rejected":"N","claim_type":"claims of fact","claim_amount":81651,"claim_date":"2008-02-01"},{"claim_id":30,"patient_id":138778,"disease_name":"Lymphedema","SUB_ID":"SUBID1030","Claim_Or_Rejected":"N","claim_type":"claims of fact","claim_amount":19899,"claim_date":"1976-09-08"},{"claim_id":31,"patient_id":162665,"disease_name":"Alcohol consumption","SUB_ID":"SUBID10031","Claim_Or_Rejected":"N","claim_type":"claims of fact","claim_amount":42968,"claim_date":"1976-01-25"},{"claim_id":32,"patient_id":197503,"disease_name":"Stroke","SUB_ID":"SUBID1032","Claim_Or_Rejected":"N","claim_type":"claims of policy","claim_amount":191267,"claim_date":"1988-12-18"},{"claim_id":33,"patient_id":113476,"disease_name":"Galactosemia","SUB_ID":"SUBID10033","Claim_Or_Rejected":"N","claim_type":"claims of value","claim_amount":161199,"claim_date":"2019-11-17"},{"claim_id":34,"patient_id":195876,"disease_name":"Vertigo","SUB_ID":"SUBID1034","Claim_Or_Rejected":"N","claim_type":"claims of fact","claim_amount":26221,"claim_date":"2008-08-10"},{"claim_id":35,"patient_id":150189,"disease_name":"Measles","SUB_ID":"SUBID10035","Claim_Or_Rejected":"Y","claim_type":"claims of value","claim_amount":28542,"claim_date":"1973-03-25"},{"claim_id":36,"patient_id":138861,"disease_name":"Heart Attack","SUB_ID":"SUBID1036","Claim_Or_Rejected":"N","claim_type":"claims of policy","claim_amount":62985,"claim_date":"1948-09-27"},{"claim_id":37,"patient_id":146555,"disease_name":"Phenylketonuria","SUB_ID":"SUBID1037","Claim_Or_Rejected":"N","claim_type":"claims of policy","claim_amount":19596,"claim_date":"1972-10-11"},{"claim_id":38,"patient_id":199114,"disease_name":"Phenylketonuria","SUB_ID":"SUBID1038","Claim_Or_Rejected":"Y","claim_type":"claims of fact","claim_amount":25171,"claim_date":"1979-03-11"},{"claim_id":39,"patient_id":105758,"disease_name":"Head banging","SUB_ID":"SUBID10039","Claim_Or_Rejected":"N","claim_type":"claims of fact","claim_amount":108526,"claim_date":"1960-05-09"},{"claim_id":40,"patient_id":109251,"disease_name":"Choking","SUB_ID":"SUBID10040","Claim_Or_Rejected":"Y","claim_type":"claims of value","claim_amount":116937,"claim_date":"1998-09-26"},{"claim_id":41,"patient_id":156223,"disease_name":"Fanconi anaemia","SUB_ID":"SUBID1041","Claim_Or_Rejected":"N","claim_type":"claims of fact","claim_amount":118452,"claim_date":"1955-10-11"},{"claim_id":42,"patient_id":108576,"disease_name":"Stroke","SUB_ID":"SUBID10042","Claim_Or_Rejected":"N","claim_type":"claims of fact","claim_amount":188727,"claim_date":"1989-10-28"},{"claim_id":43,"patient_id":132947,"disease_name":"Anaemia","SUB_ID":"SUBID1043","Claim_Or_Rejected":"N","claim_type":"claims of value","claim_amount":186502,"claim_date":"1962-09-18"},{"claim_id":44,"patient_id":148674,"disease_name":"Diabetes","SUB_ID":"SUBID1044","Claim_Or_Rejected":"Y","claim_type":"claims of policy","claim_amount":173600,"claim_date":"1959-10-19"},{"claim_id":45,"patient_id":133107,"disease_name":"Lymphedema","SUB_ID":"SUBID1045","Claim_Or_Rejected":"Y","claim_type":"claims of policy","claim_amount":160739,"claim_date":"1952-07-29"},{"claim_id":46,"patient_id":193137,"disease_name":"Phenylketonuria","SUB_ID":"SUBID10046","Claim_Or_Rejected":"N","claim_type":"claims of fact","claim_amount":25957,"claim_date":"2003-11-29"},{"claim_id":47,"patient_id":196369,"disease_name":"Choking","SUB_ID":"SUBID1047","Claim_Or_Rejected":"N","claim_type":"claims of value","claim_amount":164159,"claim_date":"1953-06-07"},{"claim_id":48,"patient_id":109342,"disease_name":"Asthma","SUB_ID":"SUBID10048","Claim_Or_Rejected":"Y","claim_type":"claims of value","claim_amount":125727,"claim_date":"1947-04-11"},{"claim_id":49,"patient_id":121783,"disease_name":"Bladder cancer","SUB_ID":"SUBID10049","Claim_Or_Rejected":"N","claim_type":"claims of fact","claim_amount":159815,"claim_date":"1983-06-20"},{"claim_id":50,"patient_id":197441,"disease_name":"Lung cancer","SUB_ID":"SUBID10050","Claim_Or_Rejected":"N","claim_type":"claims of policy","claim_amount":156557,"claim_date":"1972-06-19"},{"claim_id":51,"patient_id":194166,"disease_name":"Colorectal cancer","SUB_ID":"SUBID10051","Claim_Or_Rejected":"N","claim_type":"claims of value","claim_amount":193801,"claim_date":"1969-02-01"},{"claim_id":52,"patient_id":110690,"disease_name":"Food Poisoning","SUB_ID":"SUBID10052","Claim_Or_Rejected":"N","claim_type":"claims of policy","claim_amount":130339,"claim_date":"1959-07-22"},{"claim_id":53,"patient_id":180709,"disease_name":"Anthrax","SUB_ID":"SUBID10053","Claim_Or_Rejected":"Y","claim_type":"claims of fact","claim_amount":87588,"claim_date":"2008-10-17"},{"claim_id":54,"patient_id":119268,"disease_name":"Mold allergy","SUB_ID":"SUBID10054","Claim_Or_Rejected":"N","claim_type":"claims of policy","claim_amount":27404,"claim_date":"1965-01-09"},{"claim_id":55,"patient_id":163148,"disease_name":"Beriberi","SUB_ID":"SUBID10055","Claim_Or_Rejected":"Y","claim_type":"claims of policy","claim_amount":44986,"claim_date":"2007-06-22"},{"claim_id":56,"patient_id":118913,"disease_name":"Malaria","SUB_ID":"SUBID10056","Claim_Or_Rejected":"N","claim_type":"claims of fact","claim_amount":124734,"claim_date":"1974-12-21"},{"claim_id":57,"patient_id":167423,"disease_name":"Asthma","SUB_ID":"SUBID10057","Claim_Or_Rejected":"Y","claim_type":"claims of policy","claim_amount":161497,"claim_date":"1974-12-28"},{"claim_id":58,"patient_id":141703,"disease_name":"Fractures","SUB_ID":"SUBID1058","Claim_Or_Rejected":"Y","claim_type":"claims of policy","claim_amount":20770,"claim_date":"1967-08-28"},{"claim_id":59,"patient_id":173518,"disease_name":"Malaria","SUB_ID":"SUBID10059","Claim_Or_Rejected":"N","claim_type":"claims of policy","claim_amount":171729,"claim_date":"1983-08-26"},{"claim_id":60,"patient_id":140394,"disease_name":"Anthrax","SUB_ID":"SUBID10060","Claim_Or_Rejected":"N","claim_type":"claims of policy","claim_amount":139755,"claim_date":"2004-01-20"},{"claim_id":61,"patient_id":164524,"disease_name":"Mold allergy","SUB_ID":"SUBID10061","Claim_Or_Rejected":"N","claim_type":"claims of fact","claim_amount":74276,"claim_date":"1991-03-16"},{"claim_id":62,"patient_id":198182,"disease_name":"Head banging","SUB_ID":"SUBID1062","Claim_Or_Rejected":"Y","claim_type":"claims of value","claim_amount":71703,"claim_date":"1945-10-24"},{"claim_id":63,"patient_id":115143,"disease_name":"Drug consumption","SUB_ID":"SUBID1063","Claim_Or_Rejected":"Y","claim_type":"claims of policy","claim_amount":158255,"claim_date":"2014-01-10"},{"claim_id":64,"patient_id":156364,"disease_name":"Cholera","SUB_ID":"SUBID10064","Claim_Or_Rejected":"N","claim_type":"claims of policy","claim_amount":154594,"claim_date":"2015-07-08"},{"claim_id":65,"patient_id":191132,"disease_name":"Glaucoma","SUB_ID":"SUBID1065","Claim_Or_Rejected":"Y","claim_type":"claims of policy","claim_amount":81980,"claim_date":"1969-05-31"},{"claim_id":66,"patient_id":105686,"disease_name":"Hepatitis","SUB_ID":"SUBID10066","Claim_Or_Rejected":"N","claim_type":"claims of fact","claim_amount":13667,"claim_date":"1957-09-12"},{"claim_id":67,"patient_id":160140,"disease_name":"Rett Syndrome","SUB_ID":"SUBID1067","Claim_Or_Rejected":"N","claim_type":"claims of value","claim_amount":109433,"claim_date":"1944-12-25"},{"claim_id":68,"patient_id":114252,"disease_name":"Diabetes","SUB_ID":"SUBID10068","Claim_Or_Rejected":"N","claim_type":"claims of policy","claim_amount":152901,"claim_date":"1948-02-13"},{"claim_id":69,"patient_id":188365,"disease_name":"Pet allergy","SUB_ID":"SUBID10069","Claim_Or_Rejected":"N","claim_type":"claims of fact","claim_amount":99313,"claim_date":"1994-08-25"}]